Label,Includes,,,,,
CeDAR,"CeDAR, Meier Clinics",,,,,
CFP,"Christian Character Formation Project, Civic Character Formation Project, Christian Character Educators, Civic Character Educators",,,,,
Compassion International,"Compassion International, Compassion Training & Development",,,,,
Cru,"Cru, Cru NYC, Cru Military, Cru MPD, Cru Reset, Cru San Antonio, San Diego Summer Mission, Summer Connect",,,,,
REVEAL,"REVEAL, REVEAL For Me, REVEAL For Church",,,,,
Business As Usual,Business As Unusual,,,,,
Family Bridges,Family Bridges,,,,,
FamilyLife,FamilyLife,,,,,
Henry Cloud,Dr. Henry Cloud,,,,,
InteGREAT,InteGREAT,,,,,
Stadia,Stadia,,,,,
TYRO,TYRO,,,,,
UMI Connection,UMI Connection,,,,,
,,,,,,
,,,,,,
,,,,,,
,,,,,,
,,,,,,
,,,,,,
,,,,,,
,,,,,,